{"num": [], "link": ["http://9.douban.com"], "title": ["九点"]}
{"num": [], "link": ["http://alphatown.com"], "title": ["阿尔法城"]}
{"num": [], "link": ["http://www.douban.com/mobile/"], "title": ["移动应用"]}
{"num": ["(2980083)"], "link": ["http://book.douban.com/tag/小说"], "title": ["小说"]}
{"num": ["(989991)"], "link": ["http://book.douban.com/tag/外国文学"], "title": ["外国文学"]}
{"num": ["(652624)"], "link": ["http://book.douban.com/tag/文学"], "title": ["文学"]}
{"num": ["(624910)"], "link": ["http://book.douban.com/tag/随笔"], "title": ["随笔"]}
{"num": ["(499657)"], "link": ["http://book.douban.com/tag/中国文学"], "title": ["中国文学"]}
{"num": ["(423398)"], "link": ["http://book.douban.com/tag/经典"], "title": ["经典"]}
{"num": ["(420340)"], "link": ["http://book.douban.com/tag/散文"], "title": ["散文"]}
{"num": ["(364722)"], "link": ["http://book.douban.com/tag/日本文学"], "title": ["日本文学"]}
{"num": ["(290683)"], "link": ["http://book.douban.com/tag/村上春树"], "title": ["村上春树"]}
{"num": ["(197797)"], "link": ["http://book.douban.com/tag/童话"], "title": ["童话"]}
{"num": ["(175299)"], "link": ["http://book.douban.com/tag/诗歌"], "title": ["诗歌"]}
{"num": ["(145163)"], "link": ["http://book.douban.com/tag/王小波"], "title": ["王小波"]}
{"num": ["(144423)"], "link": ["http://book.douban.com/tag/杂文"], "title": ["杂文"]}
{"num": ["(139063)"], "link": ["http://book.douban.com/tag/张爱玲"], "title": ["张爱玲"]}
{"num": ["(122644)"], "link": ["http://book.douban.com/tag/儿童文学"], "title": ["儿童文学"]}
{"num": ["(119795)"], "link": ["http://book.douban.com/tag/余华"], "title": ["余华"]}
{"num": ["(118829)"], "link": ["http://book.douban.com/tag/古典文学"], "title": ["古典文学"]}
{"num": ["(116833)"], "link": ["http://book.douban.com/tag/名著"], "title": ["名著"]}
{"num": ["(67214)"], "link": ["http://book.douban.com/tag/钱钟书"], "title": ["钱钟书"]}
{"num": ["(60926)"], "link": ["http://book.douban.com/tag/当代文学"], "title": ["当代文学"]}
{"num": ["(55825)"], "link": ["http://book.douban.com/tag/鲁迅"], "title": ["鲁迅"]}
{"num": ["(52040)"], "link": ["http://book.douban.com/tag/外国名著"], "title": ["外国名著"]}
{"num": ["(42302)"], "link": ["http://book.douban.com/tag/诗词"], "title": ["诗词"]}
{"num": ["(38441)"], "link": ["http://book.douban.com/tag/茨威格"], "title": ["茨威格"]}
{"num": ["(34866)"], "link": ["http://book.douban.com/tag/杜拉斯"], "title": ["杜拉斯"]}
{"num": ["(34382)"], "link": ["http://book.douban.com/tag/米兰·昆德拉"], "title": ["米兰·昆德拉"]}
{"num": ["(5426)"], "link": ["http://book.douban.com/tag/港台"], "title": ["港台"]}
{"num": ["(856224)"], "link": ["http://book.douban.com/tag/漫画"], "title": ["漫画"]}
{"num": ["(594515)"], "link": ["http://book.douban.com/tag/绘本"], "title": ["绘本"]}
{"num": ["(476378)"], "link": ["http://book.douban.com/tag/推理"], "title": ["推理"]}
{"num": ["(405591)"], "link": ["http://book.douban.com/tag/青春"], "title": ["青春"]}
{"num": ["(302043)"], "link": ["http://book.douban.com/tag/言情"], "title": ["言情"]}
{"num": ["(257595)"], "link": ["http://book.douban.com/tag/科幻"], "title": ["科幻"]}
{"num": ["(217985)"], "link": ["http://book.douban.com/tag/韩寒"], "title": ["韩寒"]}
{"num": ["(216933)"], "link": ["http://book.douban.com/tag/武侠"], "title": ["武侠"]}
{"num": ["(214356)"], "link": ["http://book.douban.com/tag/悬疑"], "title": ["悬疑"]}
{"num": ["(202941)"], "link": ["http://book.douban.com/tag/耽美"], "title": ["耽美"]}
{"num": ["(199138)"], "link": ["http://book.douban.com/tag/亦舒"], "title": ["亦舒"]}
{"num": ["(198041)"], "link": ["http://book.douban.com/tag/东野圭吾"], "title": ["东野圭吾"]}
{"num": ["(192853)"], "link": ["http://book.douban.com/tag/日本漫画"], "title": ["日本漫画"]}
{"num": ["(185995)"], "link": ["http://book.douban.com/tag/奇幻"], "title": ["奇幻"]}
{"num": ["(156256)"], "link": ["http://book.douban.com/tag/安妮宝贝"], "title": ["安妮宝贝"]}
{"num": ["(150246)"], "link": ["http://book.douban.com/tag/三毛"], "title": ["三毛"]}
{"num": ["(126681)"], "link": ["http://book.douban.com/tag/郭敬明"], "title": ["郭敬明"]}
{"num": ["(119989)"], "link": ["http://book.douban.com/tag/网络小说"], "title": ["网络小说"]}
{"num": ["(117436)"], "link": ["http://book.douban.com/tag/穿越"], "title": ["穿越"]}
{"num": ["(107691)"], "link": ["http://book.douban.com/tag/金庸"], "title": ["金庸"]}
{"num": ["(104560)"], "link": ["http://book.douban.com/tag/几米"], "title": ["几米"]}
{"num": ["(102071)"], "link": ["http://book.douban.com/tag/轻小说"], "title": ["轻小说"]}
{"num": ["(101377)"], "link": ["http://book.douban.com/tag/推理小说"], "title": ["推理小说"]}
{"num": ["(91760)"], "link": ["http://book.douban.com/tag/阿加莎·克里斯蒂"], "title": ["阿加莎·克里斯蒂"]}
{"num": ["(87903)"], "link": ["http://book.douban.com/tag/张小娴"], "title": ["张小娴"]}
{"num": ["(87877)"], "link": ["http://book.douban.com/tag/幾米"], "title": ["幾米"]}
{"num": ["(69924)"], "link": ["http://book.douban.com/tag/魔幻"], "title": ["魔幻"]}
{"num": ["(69805)"], "link": ["http://book.douban.com/tag/青春文学"], "title": ["青春文学"]}
{"num": ["(62139)"], "link": ["http://book.douban.com/tag/高木直子"], "title": ["高木直子"]}
{"num": ["(58700)"], "link": ["http://book.douban.com/tag/J.K.罗琳"], "title": ["J.K.罗琳"]}
{"num": ["(57343)"], "link": ["http://book.douban.com/tag/沧月"], "title": ["沧月"]}
{"num": ["(55358)"], "link": ["http://book.douban.com/tag/落落"], "title": ["落落"]}
{"num": ["(54084)"], "link": ["http://book.douban.com/tag/张悦然"], "title": ["张悦然"]}
{"num": ["(52261)"], "link": ["http://book.douban.com/tag/古龙"], "title": ["古龙"]}
{"num": ["(46369)"], "link": ["http://book.douban.com/tag/科幻小说"], "title": ["科幻小说"]}
{"num": ["(45883)"], "link": ["http://book.douban.com/tag/蔡康永"], "title": ["蔡康永"]}
{"num": ["(971519)"], "link": ["http://book.douban.com/tag/历史"], "title": ["历史"]}
{"num": ["(651477)"], "link": ["http://book.douban.com/tag/心理学"], "title": ["心理学"]}
{"num": ["(584276)"], "link": ["http://book.douban.com/tag/哲学"], "title": ["哲学"]}
{"num": ["(427704)"], "link": ["http://book.douban.com/tag/传记"], "title": ["传记"]}
{"num": ["(377441)"], "link": ["http://book.douban.com/tag/文化"], "title": ["文化"]}
{"num": ["(297554)"], "link": ["http://book.douban.com/tag/社会学"], "title": ["社会学"]}
{"num": ["(229387)"], "link": ["http://book.douban.com/tag/设计"], "title": ["设计"]}
{"num": ["(216878)"], "link": ["http://book.douban.com/tag/艺术"], "title": ["艺术"]}
{"num": ["(185322)"], "link": ["http://book.douban.com/tag/政治"], "title": ["政治"]}
{"num": ["(178495)"], "link": ["http://book.douban.com/tag/社会"], "title": ["社会"]}
{"num": ["(163357)"], "link": ["http://book.douban.com/tag/建筑"], "title": ["建筑"]}
{"num": ["(138660)"], "link": ["http://book.douban.com/tag/宗教"], "title": ["宗教"]}
{"num": ["(134123)"], "link": ["http://book.douban.com/tag/电影"], "title": ["电影"]}
{"num": ["(118586)"], "link": ["http://book.douban.com/tag/数学"], "title": ["数学"]}
{"num": ["(103344)"], "link": ["http://book.douban.com/tag/政治学"], "title": ["政治学"]}
{"num": ["(87552)"], "link": ["http://book.douban.com/tag/回忆录"], "title": ["回忆录"]}
{"num": ["(87434)"], "link": ["http://book.douban.com/tag/思想"], "title": ["思想"]}
{"num": ["(78517)"], "link": ["http://book.douban.com/tag/国学"], "title": ["国学"]}
{"num": ["(73567)"], "link": ["http://book.douban.com/tag/中国历史"], "title": ["中国历史"]}
{"num": ["(69033)"], "link": ["http://book.douban.com/tag/音乐"], "title": ["音乐"]}
{"num": ["(66640)"], "link": ["http://book.douban.com/tag/人文"], "title": ["人文"]}
{"num": ["(60554)"], "link": ["http://book.douban.com/tag/戏剧"], "title": ["戏剧"]}
{"num": ["(56565)"], "link": ["http://book.douban.com/tag/人物传记"], "title": ["人物传记"]}
{"num": ["(44319)"], "link": ["http://book.douban.com/tag/绘画"], "title": ["绘画"]}
{"num": ["(39571)"], "link": ["http://book.douban.com/tag/艺术史"], "title": ["艺术史"]}
{"num": ["(37835)"], "link": ["http://book.douban.com/tag/佛教"], "title": ["佛教"]}
{"num": ["(33198)"], "link": ["http://book.douban.com/tag/军事"], "title": ["军事"]}
{"num": ["(31391)"], "link": ["http://book.douban.com/tag/西方哲学"], "title": ["西方哲学"]}
{"num": ["(28824)"], "link": ["http://book.douban.com/tag/二战"], "title": ["二战"]}
{"num": ["(28192)"], "link": ["http://book.douban.com/tag/自由主义"], "title": ["自由主义"]}
{"num": ["(27212)"], "link": ["http://book.douban.com/tag/近代史"], "title": ["近代史"]}
{"num": ["(23527)"], "link": ["http://book.douban.com/tag/考古"], "title": ["考古"]}
{"num": ["(16759)"], "link": ["http://book.douban.com/tag/美术"], "title": ["美术"]}
{"num": ["(454188)"], "link": ["http://book.douban.com/tag/爱情"], "title": ["爱情"]}
{"num": ["(398349)"], "link": ["http://book.douban.com/tag/旅行"], "title": ["旅行"]}
{"num": ["(239691)"], "link": ["http://book.douban.com/tag/生活"], "title": ["生活"]}
{"num": ["(214922)"], "link": ["http://book.douban.com/tag/励志"], "title": ["励志"]}
{"num": ["(185738)"], "link": ["http://book.douban.com/tag/成长"], "title": ["成长"]}
{"num": ["(175394)"], "link": ["http://book.douban.com/tag/摄影"], "title": ["摄影"]}
{"num": ["(167515)"], "link": ["http://book.douban.com/tag/心理"], "title": ["心理"]}
{"num": ["(124598)"], "link": ["http://book.douban.com/tag/女性"], "title": ["女性"]}
{"num": ["(117888)"], "link": ["http://book.douban.com/tag/职场"], "title": ["职场"]}
{"num": ["(103122)"], "link": ["http://book.douban.com/tag/美食"], "title": ["美食"]}
{"num": ["(102003)"], "link": ["http://book.douban.com/tag/游记"], "title": ["游记"]}
{"num": ["(91717)"], "link": ["http://book.douban.com/tag/教育"], "title": ["教育"]}
{"num": ["(80119)"], "link": ["http://book.douban.com/tag/灵修"], "title": ["灵修"]}
{"num": ["(38620)"], "link": ["http://book.douban.com/tag/情感"], "title": ["情感"]}
{"num": ["(34813)"], "link": ["http://book.douban.com/tag/健康"], "title": ["健康"]}
{"num": ["(27589)"], "link": ["http://book.douban.com/tag/手工"], "title": ["手工"]}
{"num": ["(22165)"], "link": ["http://book.douban.com/tag/养生"], "title": ["养生"]}
{"num": ["(16493)"], "link": ["http://book.douban.com/tag/两性"], "title": ["两性"]}
{"num": ["(11021)"], "link": ["http://book.douban.com/tag/家居"], "title": ["家居"]}
{"num": ["(10099)"], "link": ["http://book.douban.com/tag/人际关系"], "title": ["人际关系"]}
{"num": ["(2248)"], "link": ["http://book.douban.com/tag/自助游"], "title": ["自助游"]}
{"num": ["(227706)"], "link": ["http://book.douban.com/tag/经济学"], "title": ["经济学"]}
{"num": ["(214512)"], "link": ["http://book.douban.com/tag/管理"], "title": ["管理"]}
{"num": ["(181352)"], "link": ["http://book.douban.com/tag/经济"], "title": ["经济"]}
{"num": ["(136467)"], "link": ["http://book.douban.com/tag/金融"], "title": ["金融"]}
{"num": ["(125091)"], "link": ["http://book.douban.com/tag/商业"], "title": ["商业"]}
{"num": ["(102842)"], "link": ["http://book.douban.com/tag/投资"], "title": ["投资"]}
{"num": ["(74741)"], "link": ["http://book.douban.com/tag/营销"], "title": ["营销"]}
{"num": ["(46030)"], "link": ["http://book.douban.com/tag/理财"], "title": ["理财"]}
{"num": ["(43954)"], "link": ["http://book.douban.com/tag/创业"], "title": ["创业"]}
{"num": ["(39731)"], "link": ["http://book.douban.com/tag/广告"], "title": ["广告"]}
{"num": ["(26508)"], "link": ["http://book.douban.com/tag/股票"], "title": ["股票"]}
{"num": ["(11421)"], "link": ["http://book.douban.com/tag/企业史"], "title": ["企业史"]}
{"num": ["(5023)"], "link": ["http://book.douban.com/tag/策划"], "title": ["策划"]}
{"num": ["(245235)"], "link": ["http://book.douban.com/tag/科普"], "title": ["科普"]}
{"num": ["(99704)"], "link": ["http://book.douban.com/tag/互联网"], "title": ["互联网"]}
{"num": ["(79694)"], "link": ["http://book.douban.com/tag/编程"], "title": ["编程"]}
{"num": ["(56957)"], "link": ["http://book.douban.com/tag/科学"], "title": ["科学"]}
{"num": ["(40124)"], "link": ["http://book.douban.com/tag/交互设计"], "title": ["交互设计"]}
{"num": ["(31659)"], "link": ["http://book.douban.com/tag/用户体验"], "title": ["用户体验"]}
{"num": ["(26697)"], "link": ["http://book.douban.com/tag/算法"], "title": ["算法"]}
{"num": ["(16491)"], "link": ["http://book.douban.com/tag/web"], "title": ["web"]}
{"num": ["(4991)"], "link": ["http://book.douban.com/tag/科技"], "title": ["科技"]}
{"num": ["(3509)"], "link": ["http://book.douban.com/tag/UE"], "title": ["UE"]}
{"num": ["(3131)"], "link": ["http://book.douban.com/tag/UCD"], "title": ["UCD"]}
{"num": ["(2935)"], "link": ["http://book.douban.com/tag/通信"], "title": ["通信"]}
{"num": ["(2774)"], "link": ["http://book.douban.com/tag/交互"], "title": ["交互"]}
{"num": ["(1110)"], "link": ["http://book.douban.com/tag/神经网络"], "title": ["神经网络"]}
{"num": ["(891)"], "link": ["http://book.douban.com/tag/程序"], "title": ["程序"]}
